{"_step":7,"_wandb":{"runtime":31},"epoch":0,"step":7,"train_loss":NaN,"lr":0.00015841584158415842,"_timestamp":1.7442345871846895e+09,"_runtime":20.486082761}