{"_timestamp":1.748735884592122e+09,"_runtime":0.963335789,"_step":1,"model/architecture":{"sha256":"209c8efc8ac81306e0d16e5124a8fc80a9d99feb65cdc3ccacae47e0d978a7a1","size":16154,"path":"media/html/model/architecture_1_209c8efc8ac81306e0d1.html","_type":"html-file"},"_wandb":{"runtime":185},"model/total_parameters":150910018,"model/trainable_parameters":150910018,"model/non_trainable_parameters":0}