{"train/epoch":1,"model/architecture":{"_type":"html-file","sha256":"209c8efc8ac81306e0d16e5124a8fc80a9d99feb65cdc3ccacae47e0d978a7a1","size":16154,"path":"media/html/model/architecture_1_209c8efc8ac81306e0d1.html"},"_step":312,"train/batch_size":16,"model/trainable_parameters":150910018,"train/batch_idx":313,"_wandb":{"runtime":80},"model/total_parameters":150910018,"val/epoch":0,"train/learning_rate":0.0001,"train/batch_loss":4.039243698120117,"train/loss_smoothed":4.039243698120117,"val/batch":0,"_runtime":77.478391379,"model/non_trainable_parameters":0,"val/batch_loss":4.4737653732299805,"train/epoch_progress":0.9968051118210862,"train/global_step":312,"_timestamp":1.7487357156220121e+09}