{"_runtime":130.395822657,"_step":9,"_wandb":{"runtime":214},"epoch":0,"step":9,"train_loss":1.1958049535751343,"lr":0.00019801980198019803,"_timestamp":1.74423636608676e+09}