{"_wandb":{"runtime":48},"_timestamp":1.7442339062611787e+09,"_runtime":43.288223369,"_step":8,"epoch":0,"step":8,"train_loss":NaN,"lr":0.00017821782178217824}