{"model/non_trainable_parameters":0,"_timestamp":1.7487781652311046e+09,"_runtime":1.01152405,"_step":1,"model/architecture":{"path":"media/html/model/architecture_1_2ac53d5d8b42e1167741.html","_type":"html-file","sha256":"2ac53d5d8b42e116774153ae47d84f3f212064e14992c522e8850a7926c2d7c7","size":4076},"_wandb":{"runtime":309},"model/total_parameters":212986602,"model/trainable_parameters":212986602}