{"step":9,"train_loss":1.5556952953338623,"lr":0.00019801980198019803,"_timestamp":1.7442360144066067e+09,"_runtime":32.256343652,"_step":9,"_wandb":{"runtime":54},"epoch":0}