{"_timestamp":1.7487852251691117e+09,"_runtime":0.992255391,"_step":1,"model/total_parameters":212808194,"model/trainable_parameters":212808194,"model/non_trainable_parameters":0,"model/architecture":{"path":"media/html/model/architecture_1_d91975bd59cee327d636.html","_type":"html-file","sha256":"d91975bd59cee327d636f2a7b09ac34cb10ce90bbcca95b34edd005cdcf6e0a1","size":4020},"_wandb":{"runtime":478}}