{"_timestamp":1.7442342238534698e+09,"_runtime":51.1366009,"_step":6,"epoch":0,"step":6,"train_loss":NaN,"_wandb":{"runtime":61},"lr":0.00013861386138613863}