{"model/non_trainable_parameters":0,"_timestamp":1.748787815865564e+09,"_runtime":1.095704885,"_step":1,"model/architecture":{"sha256":"e18917e0a5b9ffbf2fa0bae25fa68ad391a922091fa8985e9aff154e2021a3c9","size":3989,"path":"media/html/model/architecture_1_e18917e0a5b9ffbf2fa0.html","_type":"html-file"},"_wandb":{"runtime":445},"model/total_parameters":213577194,"model/trainable_parameters":213577194}