{"model/architecture":{"sha256":"e18917e0a5b9ffbf2fa0bae25fa68ad391a922091fa8985e9aff154e2021a3c9","size":3989,"path":"media/html/model/architecture_1_e18917e0a5b9ffbf2fa0.html","_type":"html-file"},"_wandb":{"runtime":494},"model/total_parameters":213577194,"model/trainable_parameters":213577194,"model/non_trainable_parameters":0,"_timestamp":1.748788779501731e+09,"_runtime":0.958913835,"_step":1}