{"_wandb":{"runtime":385},"_runtime":1.033005517,"_step":1,"model/total_parameters":212986602,"model/trainable_parameters":212986602,"model/non_trainable_parameters":0,"_timestamp":1.7487867381360657e+09,"model/architecture":{"size":4076,"path":"media/html/model/architecture_1_2ac53d5d8b42e1167741.html","_type":"html-file","sha256":"2ac53d5d8b42e116774153ae47d84f3f212064e14992c522e8850a7926c2d7c7"}}