{"_timestamp":1.7487367874450867e+09,"_runtime":0.968997479,"model/architecture":{"path":"media/html/model/architecture_1_209c8efc8ac81306e0d1.html","_type":"html-file","sha256":"209c8efc8ac81306e0d16e5124a8fc80a9d99feb65cdc3ccacae47e0d978a7a1","size":16154},"_wandb":{"runtime":306},"_step":1,"model/total_parameters":150910018,"model/trainable_parameters":150910018,"model/non_trainable_parameters":0}