{"lr":0.00019801980198019803,"_timestamp":1.7442325418968136e+09,"_runtime":31.212232865,"_step":9,"_wandb":{"runtime":231},"epoch":0,"step":9,"train_loss":NaN}