{"_timestamp":1.7487772389074655e+09,"_runtime":1.059742187,"_step":1,"model/total_parameters":212986602,"model/architecture":{"_type":"html-file","sha256":"2ac53d5d8b42e116774153ae47d84f3f212064e14992c522e8850a7926c2d7c7","size":4076,"path":"media/html/model/architecture_1_2ac53d5d8b42e1167741.html"},"_wandb":{"runtime":23},"model/trainable_parameters":212986602,"model/non_trainable_parameters":0}