{"step":0,"train_loss":1.9485681056976318,"lr":1.9801980198019803e-05,"_timestamp":1.7442359280395586e+09,"_runtime":21.957791079,"_step":0,"_wandb":{"runtime":30},"epoch":0}