{"model/trainable_parameters":214579970,"model/non_trainable_parameters":0,"_timestamp":1.7487859267438793e+09,"_runtime":1.231553063,"_step":1,"model/architecture":{"sha256":"89629f0ea57d665e6489757dff1c97a6e64572faf5d571c9915839bd8a80333e","size":4023,"path":"media/html/model/architecture_1_89629f0ea57d665e6489.html","_type":"html-file"},"_wandb":{"runtime":437},"model/total_parameters":214579970}