{"model/trainable_parameters":150910018,"model/non_trainable_parameters":0,"_timestamp":1.7487393150423386e+09,"model/architecture":{"size":16772,"path":"media/html/model/architecture_1_1ee29158a37ef02fd2cb.html","_type":"html-file","sha256":"1ee29158a37ef02fd2cb3f30b8f4ed81e1de98ebbc1b206bafdfcf313d7fb717"},"_wandb":{"runtime":677},"_runtime":1.946481787,"_step":1,"model/total_parameters":150910018}